Model,AUC,Accuracy,Precision,Recall,F1-Score
XGBoost,0.9697115933286596,0.9486492060218602,0.7344632768361582,0.6265060240963856,0.6762028608582574
Random Forest,0.9694205781176124,0.9473087234481337,0.7011349306431274,0.6698795180722892,0.685150955021565
AdaBoost,0.9578113536690742,0.9382346875644463,0.6721311475409836,0.5433734939759036,0.6009327115256495
Logistic Regression,0.9566875078120329,0.8926582800577438,0.43633071816535907,0.8710843373493976,0.5814234016887817
